{
  "name": "Template HeroSection - 21/03/2025",
  "structure": [
    {
      "name": "ExampleComponent",
      "slug": "examplecomponent",
      "layout": "default",
      "widgets": [
        {
          "id": "hero-media-1c7408",
          "type": "MediaWidget",
          "props": {
            "tag": "img",
            "alt": "Logo de l'entreprise",
            "className": "w-full h-full object-contain"
          }
        },
        {
          "id": "hero-media-bb0ce8",
          "type": "MediaWidget",
          "props": {
            "tag": "img",
            "alt": "Image de héros",
            "className": "w-full h-full object-cover"
          }
        },
        {
          "id": "hero-contactez-nous-button-6fc2ab",
          "type": "ButtonWidget",
          "props": {
            "tag": "button",
            "text": "Contactez-nous",
            "className": "hidden md:inline-block bg-white text-blue-700 px-6 py-2 rounded-full font-medium"
          }
        },
        {
          "id": "hero-nos services-button-ba17eb",
          "type": "ButtonWidget",
          "props": {
            "tag": "button",
            "text": "Nos services",
            "className": "bg-white text-blue-700 px-8 py-3 rounded-full font-semibold text-lg"
          }
        },
        {
          "id": "hero-nos réalisation-button-468ce8",
          "type": "ButtonWidget",
          "props": {
            "tag": "button",
            "text": "Nos réalisations",
            "className": "bg-transparent border-2 border-white text-white px-8 py-3 rounded-full font-semibold text-lg"
          }
        },
        {
          "id": "hero-transforme-text-d332e5",
          "type": "TextWidget",
          "props": {
            "tag": "h1",
            "type": "editor",
            "text": "Transformez vos idées en réalité",
            "className": "text-4xl md:text-6xl font-bold mb-6"
          }
        },
        {
          "id": "hero-notre équi-text-495d6f",
          "type": "TextWidget",
          "props": {
            "tag": "p",
            "type": "editor",
            "text": "Notre équipe d'experts est prête à vous accompagner dans tous vos projets digitaux.\n            Découvrez nos services et nos réalisations.",
            "className": "text-xl mb-8 opacity-90"
          }
        },
        {
          "id": "hero-pourquoi n-text-520ad3",
          "type": "TextWidget",
          "props": {
            "tag": "h2",
            "type": "editor",
            "text": "Pourquoi nous choisir ?",
            "className": "text-3xl font-bold text-center text-gray-800 mb-8"
          }
        },
        {
          "id": "hero-+500-text-10faad",
          "type": "TextWidget",
          "props": {
            "tag": "span",
            "type": "editor",
            "text": "+500",
            "className": "text-4xl font-bold text-blue-700"
          }
        },
        {
          "id": "hero-projets ré-text-0994d0",
          "type": "TextWidget",
          "props": {
            "tag": "p",
            "type": "editor",
            "text": "Projets réalisés",
            "className": "text-gray-600 mt-2"
          }
        },
        {
          "id": "hero-98%-text-f2b6d6",
          "type": "TextWidget",
          "props": {
            "tag": "span",
            "type": "editor",
            "text": "98%",
            "className": "text-4xl font-bold text-blue-700"
          }
        },
        {
          "id": "hero-clients sa-text-341b1b",
          "type": "TextWidget",
          "props": {
            "tag": "p",
            "type": "editor",
            "text": "Clients satisfaits",
            "className": "text-gray-600 mt-2"
          }
        },
        {
          "id": "hero-24/7-text-c30145",
          "type": "TextWidget",
          "props": {
            "tag": "span",
            "type": "editor",
            "text": "24/7",
            "className": "text-4xl font-bold text-blue-700"
          }
        },
        {
          "id": "hero-support cl-text-375830",
          "type": "TextWidget",
          "props": {
            "tag": "p",
            "type": "editor",
            "text": "Support client",
            "className": "text-gray-600 mt-2"
          }
        }
      ],
      "section": "HeroSection"
    }
  ],
  "style": {
    "theme": "light",
    "colors": {
      "primary": "#0D6EFD",
      "secondary": "#6C757D"
    },
    "typography": {
      "fontFamily": "Roboto"
    }
  },
  "createdAt": "2025-03-21T18:03:40.862Z",
  "updatedAt": "2025-03-21T18:03:40.862Z"
}